{
   "operator_1": {
      "output": [
         0.46456692913385805,
         0.0,
         0.023622047244094002,
         0.78740157480315,
         0.0,
         0.11023622047244101,
         0.0,
         0.42519685039370003,
         0.5748031496062991,
         0.52755905511811,
         0.18897637795275601,
         0.0,
         0.37795275590551203,
         0.5984251968503931,
         0.519685039370078,
         0.21259842519685,
         0.63779527559055,
         0.0,
         0.78740157480315,
         0.559055118110236,
         0.0,
         0.0,
         0.0,
         0.0,
         0.0,
         0.0,
         0.0,
         0.0,
         0.0,
         0.0,
         0.0,
         0.0
      ],
      "input": [
         -0.6707039728685428,
         -0.46674328483906224,
         1.378867419997236e-16
      ]
   },
   "operator_2": {
      "output": [
         0.6220472440944871,
         0.070866141732283,
         0.047244094488189003,
         0.73228346456693,
         0.0,
         0.11023622047244101,
         0.511811023622047,
         0.267716535433071,
         0.330708661417322,
         0.52755905511811,
         0.6456692913385831,
         0.51968503937008,
         0.7795275590551191,
         0.49606299212598404,
         0.31496062992126,
         0.8346456692913391,
         0.9055118110236211,
         0.307086614173228,
         1.0,
         0.37007874015748,
         0.0,
         0.0,
         0.0,
         0.0,
         0.0,
         0.0,
         0.0,
         0.0,
         0.0,
         0.0,
         0.0,
         0.0
      ],
      "input": [
         -0.14042096310940527,
         0.7268526858744851,
         1.3788674199972355e-16
      ]
   },
   "operator_3": {
      "output": [
         0.480314960629921,
         0.27559055118110204,
         0.023622047244094002,
         0.0,
         0.6456692913385831,
         0.29921259842519704,
         0.700787401574804,
         0.23622047244094502,
         0.34645669291338604,
         0.535433070866141,
         0.32283464566929204,
         0.165354330708663,
         0.409448818897639,
         0.228346456692913,
         0.102362204724409,
         0.559055118110237,
         0.629921259842519,
         0.09448818897637801,
         0.677165354330709,
         0.44881889763779503,
         0.0,
         0.0,
         0.0,
         0.0,
         0.0,
         0.0,
         0.0,
         0.0,
         0.0,
         0.0,
         0.0,
         0.0
      ],
      "input": [
         0.8111249359779482,
         -0.2601094010354227,
         1.3788674199972352e-16
      ]
   }
}