{
   "min": [
      -0.6146828149146383,
      -0.7016477419369239,
      -0.13362797522971867
   ],
   "max": [
      0.9493856530277368,
      0.7125459010454397,
      -0.09580626033075879
   ]
}