{
   "min": [
      -0.6707039728685428,
      -0.46674328483906224,
      1.3788674199972352e-16
   ],
   "max": [
      0.8111249359779482,
      0.7268526858744851,
      1.378867419997236e-16
   ]
}